route_id,period,frequency,buses_assigned
100,early_morning,1,4
100,AM_peak,1,4
100,midday,1,4
100,PM_peak,1,4
100,evening,1,4
101,early_morning,2,5
101,AM_peak,2,5
101,midday,2,5
101,PM_peak,2,5
101,evening,2,5
102,early_morning,1,3
102,AM_peak,1,3
102,midday,1,3
102,PM_peak,1,3
102,evening,1,3
103A,early_morning,1,5
103A,AM_peak,1,5
103A,midday,1,5
103A,PM_peak,1,5
103A,evening,1,5
103B,early_morning,2,2
103B,AM_peak,2,2
103B,midday,2,2
103B,PM_peak,2,2
103B,evening,2,2
103C,early_morning,1,4
103C,AM_peak,1,4
103C,midday,1,4
103C,PM_peak,1,4
103C,evening,1,4
103,early_morning,2,4
103,AM_peak,2,4
103,midday,2,4
103,PM_peak,2,4
103,evening,2,4
104,early_morning,2,4
104,AM_peak,2,4
104,midday,2,4
104,PM_peak,2,4
104,evening,2,4
105,early_morning,2,5
105,AM_peak,1,3
105,midday,2,5
105,PM_peak,1,3
105,evening,2,5
106-R,early_morning,1,3
106-R,AM_peak,1,3
106-R,midday,1,3
106-R,PM_peak,1,3
106-R,evening,1,3
107,early_morning,2,4
107,AM_peak,1,2
107,midday,2,4
107,PM_peak,1,2
107,evening,2,4
108,early_morning,2,4
108,AM_peak,3,5
108,midday,2,4
108,PM_peak,3,5
108,evening,2,4
109-R,early_morning,1,3
109-R,AM_peak,1,3
109-R,midday,1,3
109-R,PM_peak,1,3
109-R,evening,1,3
10,early_morning,1,2
10,AM_peak,1,2
10,midday,1,2
10,PM_peak,1,2
10,evening,2,4
110-R,early_morning,1,3
110-R,AM_peak,1,3
110-R,midday,1,3
110-R,PM_peak,1,3
110-R,evening,1,3
111,early_morning,2,5
111,AM_peak,1,3
111,midday,1,3
111,PM_peak,1,3
111,evening,2,5
112,early_morning,2,3
112,AM_peak,2,3
112,midday,2,3
112,PM_peak,2,3
112,evening,2,3
113A,early_morning,2,4
113A,AM_peak,1,2
113A,midday,2,4
113A,PM_peak,1,2
113A,evening,2,4
113B,early_morning,3,5
113B,AM_peak,2,4
113B,midday,3,5
113B,PM_peak,2,4
113B,evening,3,5
113,early_morning,2,3
113,AM_peak,2,3
113,midday,2,3
113,PM_peak,2,3
113,evening,2,3
114,early_morning,3,5
114,AM_peak,1,2
114,midday,2,4
114,PM_peak,1,2
114,evening,2,4
115P,early_morning,1,4
115P,AM_peak,3,11
115P,midday,1,4
115P,PM_peak,3,11
115P,evening,1,4
116,early_morning,2,3
116,AM_peak,2,3
116,midday,2,3
116,PM_peak,2,3
116,evening,2,3
117A,early_morning,2,4
117A,AM_peak,1,2
117A,midday,2,4
117A,PM_peak,1,2
117A,evening,2,4
117B,early_morning,2,3
117B,AM_peak,2,3
117B,midday,2,3
117B,PM_peak,2,3
117B,evening,2,3
117C,early_morning,2,4
117C,AM_peak,1,2
117C,midday,2,4
117C,PM_peak,1,2
117C,evening,2,4
117,early_morning,2,4
117,AM_peak,1,2
117,midday,2,4
117,PM_peak,1,2
117,evening,2,4
117D,early_morning,2,2
117D,AM_peak,2,2
117D,midday,2,2
117D,PM_peak,2,2
117D,evening,2,2
117E,early_morning,2,2
117E,AM_peak,2,2
117E,midday,2,2
117E,PM_peak,2,2
117E,evening,2,2
117F,early_morning,2,4
117F,AM_peak,1,2
117F,midday,2,4
117F,PM_peak,1,2
117F,evening,2,4
118-7A,early_morning,3,2
118-7A,AM_peak,3,2
118-7A,midday,3,2
118-7A,PM_peak,3,2
118-7A,evening,3,2
118-7,early_morning,2,3
118-7,AM_peak,2,3
118-7,midday,2,3
118-7,PM_peak,2,3
118-7,evening,2,3
118A,early_morning,2,2
118A,AM_peak,2,2
118A,midday,2,2
118A,PM_peak,2,2
118A,evening,2,2
118B,early_morning,2,2
118B,AM_peak,2,2
118B,midday,2,2
118B,PM_peak,2,2
118B,evening,2,2
118C,early_morning,2,3
118C,AM_peak,2,3
118C,midday,2,3
118C,PM_peak,2,3
118C,evening,2,3
118,early_morning,2,3
118,AM_peak,2,3
118,midday,2,3
118,PM_peak,2,3
118,evening,2,3
119A,early_morning,2,3
119A,AM_peak,3,5
119A,midday,2,3
119A,PM_peak,3,5
119A,evening,2,3
119,early_morning,1,3
119,AM_peak,1,3
119,midday,1,3
119,PM_peak,1,3
119,evening,1,3
11,early_morning,2,5
11,AM_peak,1,3
11,midday,2,5
11,PM_peak,1,3
11,evening,2,5
11K,early_morning,2,6
11K,AM_peak,1,3
11K,midday,2,6
11K,PM_peak,1,3
11K,evening,2,6
120A,early_morning,1,3
120A,AM_peak,1,3
120A,midday,1,3
120A,PM_peak,1,3
120A,evening,1,3
120,early_morning,1,5
120,AM_peak,1,5
120,midday,1,5
120,PM_peak,1,5
120,evening,1,5
121,early_morning,2,5
121,AM_peak,2,5
121,midday,2,5
121,PM_peak,2,5
121,evening,2,5
122A,early_morning,2,4
122A,AM_peak,1,2
122A,midday,1,2
122A,PM_peak,1,2
122A,evening,2,4
122B,early_morning,2,2
122B,AM_peak,2,2
122B,midday,2,2
122B,PM_peak,2,2
122B,evening,2,2
122C,early_morning,2,5
122C,AM_peak,1,3
122C,midday,2,5
122C,PM_peak,1,3
122C,evening,2,5
122,early_morning,1,3
122,AM_peak,1,3
122,midday,2,5
122,PM_peak,1,3
122,evening,2,5
123,early_morning,2,5
123,AM_peak,2,5
123,midday,2,5
123,PM_peak,2,5
123,evening,2,5
125,early_morning,2,4
125,AM_peak,1,2
125,midday,2,4
125,PM_peak,2,4
125,evening,2,4
126A,early_morning,3,4
126A,AM_peak,2,3
126A,midday,3,4
126A,PM_peak,2,3
126A,evening,3,4
126B,early_morning,1,3
126B,AM_peak,1,3
126B,midday,1,3
126B,PM_peak,1,3
126B,evening,1,3
126C,early_morning,2,3
126C,AM_peak,2,3
126C,midday,2,3
126C,PM_peak,2,3
126C,evening,2,3
126,early_morning,2,4
126,AM_peak,3,6
126,midday,2,4
126,PM_peak,3,6
126,evening,2,4
126D,early_morning,4,3
126D,AM_peak,4,3
126D,midday,4,3
126D,PM_peak,4,3
126D,evening,4,3
128,early_morning,2,6
128,AM_peak,1,3
128,midday,2,6
128,PM_peak,1,3
128,evening,2,6
129,early_morning,2,5
129,AM_peak,3,7
129,midday,2,5
129,PM_peak,3,7
129,evening,2,5
12,early_morning,1,4
12,AM_peak,1,4
12,midday,1,4
12,PM_peak,1,4
12,evening,1,4
130A,early_morning,2,2
130A,AM_peak,2,2
130A,midday,2,2
130A,PM_peak,2,2
130A,evening,2,2
130,early_morning,2,5
130,AM_peak,1,3
130,midday,2,5
130,PM_peak,1,3
130,evening,2,5
132A,early_morning,2,4
132A,AM_peak,1,2
132A,midday,2,4
132A,PM_peak,1,2
132A,evening,2,4
132,early_morning,2,3
132,AM_peak,2,3
132,midday,2,3
132,PM_peak,2,3
132,evening,2,3
133A,early_morning,1,2
133A,AM_peak,1,2
133A,midday,1,2
133A,PM_peak,1,2
133A,evening,1,2
133,early_morning,2,4
133,AM_peak,2,4
133,midday,2,4
133,PM_peak,1,2
133,evening,2,4
133B,early_morning,2,4
133B,AM_peak,2,4
133B,midday,2,4
133B,PM_peak,2,4
133B,evening,2,4
134,early_morning,2,3
134,AM_peak,3,4
134,midday,2,3
134,PM_peak,3,4
134,evening,2,3
135A,early_morning,2,3
135A,AM_peak,2,3
135A,midday,2,3
135A,PM_peak,2,3
135A,evening,2,3
135,early_morning,1,3
135,AM_peak,3,9
135,midday,1,3
135,PM_peak,3,9
135,evening,1,3
136A,early_morning,2,4
136A,AM_peak,1,2
136A,midday,2,4
136A,PM_peak,1,2
136A,evening,2,4
136,early_morning,2,7
136,AM_peak,3,11
136,midday,2,7
136,PM_peak,3,11
136,evening,2,7
139A,early_morning,1,4
139A,AM_peak,1,4
139A,midday,1,4
139A,PM_peak,1,4
139A,evening,1,4
139,early_morning,1,4
139,AM_peak,1,4
139,midday,1,4
139,PM_peak,1,4
139,evening,1,4
13A,early_morning,2,4
13A,AM_peak,1,2
13A,midday,2,4
13A,PM_peak,1,2
13A,evening,2,4
13B,early_morning,2,4
13B,AM_peak,2,4
13B,midday,2,4
13B,PM_peak,2,4
13B,evening,2,4
13C,early_morning,2,4
13C,AM_peak,1,2
13C,midday,2,4
13C,PM_peak,1,2
13C,evening,2,4
13,early_morning,2,3
13,AM_peak,2,3
13,midday,2,3
13,PM_peak,2,3
13,evening,2,3
13L,early_morning,2,3
13L,AM_peak,2,3
13L,midday,2,3
13L,PM_peak,2,3
13L,evening,2,3
140,early_morning,2,3
140,AM_peak,3,5
140,midday,2,3
140,PM_peak,3,5
140,evening,2,3
141A,early_morning,2,2
141A,AM_peak,2,2
141A,midday,2,2
141A,PM_peak,2,2
141A,evening,2,2
141,early_morning,2,4
141,AM_peak,3,5
141,midday,2,4
141,PM_peak,3,5
141,evening,2,4
142,early_morning,1,4
142,AM_peak,3,12
142,midday,1,4
142,PM_peak,3,12
142,evening,1,4
143A,early_morning,2,3
143A,AM_peak,3,5
143A,midday,2,3
143A,PM_peak,3,5
143A,evening,2,3
143,early_morning,3,5
143,AM_peak,3,5
143,midday,3,5
143,PM_peak,3,5
143,evening,3,5
144A,early_morning,2,4
144A,AM_peak,3,6
144A,midday,2,4
144A,PM_peak,3,6
144A,evening,2,4
144B,early_morning,1,3
144B,AM_peak,1,3
144B,midday,1,3
144B,PM_peak,1,3
144B,evening,1,3
144,early_morning,2,3
144,AM_peak,3,5
144,midday,2,3
144,PM_peak,3,5
144,evening,2,3
144D,early_morning,2,3
144D,AM_peak,3,5
144D,midday,2,3
144D,PM_peak,3,5
144D,evening,2,3
144K,early_morning,2,3
144K,AM_peak,3,4
144K,midday,2,3
144K,PM_peak,3,4
144K,evening,2,3
145A,early_morning,1,4
145A,AM_peak,3,10
145A,midday,1,4
145A,PM_peak,3,10
145A,evening,1,4
145B,early_morning,2,4
145B,AM_peak,1,2
145B,midday,2,4
145B,PM_peak,1,2
145B,evening,2,4
145,early_morning,1,3
145,AM_peak,3,9
145,midday,1,3
145,PM_peak,3,9
145,evening,1,3
146,early_morning,2,3
146,AM_peak,2,3
146,midday,2,3
146,PM_peak,2,3
146,evening,2,3
147A,early_morning,1,3
147A,AM_peak,1,3
147A,midday,1,3
147A,PM_peak,1,3
147A,evening,1,3
147,early_morning,1,5
147,AM_peak,3,14
147,midday,1,5
147,PM_peak,3,14
147,evening,1,5
148A,early_morning,1,5
148A,AM_peak,1,5
148A,midday,1,5
148A,PM_peak,1,5
148A,evening,1,5
148,early_morning,1,3
148,AM_peak,1,3
148,midday,1,3
148,PM_peak,1,3
148,evening,1,3
149A,early_morning,1,6
149A,AM_peak,1,6
149A,midday,1,6
149A,PM_peak,1,6
149A,evening,1,6
149,early_morning,1,5
149,AM_peak,1,5
149,midday,1,5
149,PM_peak,1,5
149,evening,1,5
14,early_morning,1,4
14,AM_peak,1,4
14,midday,1,4
14,PM_peak,1,4
14,evening,1,4
151,early_morning,1,3
151,AM_peak,3,9
151,midday,1,3
151,PM_peak,3,9
151,evening,1,3
152A,early_morning,2,4
152A,AM_peak,1,2
152A,midday,2,4
152A,PM_peak,1,2
152A,evening,2,4
152D,early_morning,2,3
152D,AM_peak,2,3
152D,midday,2,3
152D,PM_peak,2,3
152D,evening,2,3
154,early_morning,2,3
154,AM_peak,3,4
154,midday,2,3
154,PM_peak,3,4
154,evening,2,3
155,early_morning,2,4
155,AM_peak,3,6
155,midday,2,4
155,PM_peak,3,6
155,evening,2,4
158A,early_morning,1,2
158A,AM_peak,1,2
158A,midday,1,2
158A,PM_peak,1,2
158A,evening,2,4
158,early_morning,2,4
158,AM_peak,1,2
158,midday,2,4
158,PM_peak,1,2
158,evening,2,4
159,early_morning,1,5
159,AM_peak,1,5
159,midday,1,5
159,PM_peak,1,5
159,evening,1,5
159K,early_morning,1,4
159K,AM_peak,1,4
159K,midday,1,4
159K,PM_peak,1,4
159K,evening,1,4
159P,early_morning,1,5
159P,AM_peak,1,5
159P,midday,1,5
159P,PM_peak,1,5
159P,evening,1,5
160,early_morning,2,3
160,AM_peak,2,3
160,midday,2,3
160,PM_peak,2,3
160,evening,2,3
161,early_morning,2,6
161,AM_peak,3,9
161,midday,2,6
161,PM_peak,3,9
161,evening,2,6
162,early_morning,1,6
162,AM_peak,3,16
162,midday,1,6
162,PM_peak,3,16
162,evening,1,6
163,early_morning,2,3
163,AM_peak,2,3
163,midday,2,3
163,PM_peak,2,3
163,evening,2,3
164,early_morning,2,4
164,AM_peak,3,6
164,midday,2,4
164,PM_peak,3,6
164,evening,2,4
165,early_morning,2,3
165,AM_peak,2,3
165,midday,2,3
165,PM_peak,2,3
165,evening,2,3
166,early_morning,2,3
166,AM_peak,3,4
166,midday,2,3
166,PM_peak,3,4
166,evening,2,3
167,early_morning,2,4
167,AM_peak,1,2
167,midday,2,4
167,PM_peak,1,2
167,evening,2,4
168,early_morning,2,3
168,AM_peak,2,3
168,midday,2,3
168,PM_peak,2,3
168,evening,2,3
169,early_morning,2,3
169,AM_peak,2,3
169,midday,2,3
169,PM_peak,2,3
169,evening,2,3
170A,early_morning,1,2
170A,AM_peak,3,5
170A,midday,1,2
170A,PM_peak,3,5
170A,evening,1,2
170B,early_morning,2,3
170B,AM_peak,3,5
170B,midday,2,3
170B,PM_peak,3,5
170B,evening,2,3
170,early_morning,2,3
170,AM_peak,3,4
170,midday,2,3
170,PM_peak,3,4
170,evening,2,3
174A,early_morning,1,3
174A,AM_peak,3,8
174A,midday,1,3
174A,PM_peak,3,8
174A,evening,1,3
174B,early_morning,1,3
174B,AM_peak,3,9
174B,midday,2,6
174B,PM_peak,3,9
174B,evening,2,6
174,early_morning,2,5
174,AM_peak,3,8
174,midday,2,5
174,PM_peak,3,8
174,evening,2,5
175,early_morning,2,4
175,AM_peak,1,2
175,midday,2,4
175,PM_peak,1,2
175,evening,2,4
176A,early_morning,2,3
176A,AM_peak,2,3
176A,midday,2,3
176A,PM_peak,2,3
176A,evening,2,3
176,early_morning,2,3
176,AM_peak,1,2
176,midday,2,3
176,PM_peak,2,3
176,evening,2,3
177A,early_morning,2,5
177A,AM_peak,3,8
177A,midday,2,5
177A,PM_peak,3,8
177A,evening,2,5
177B,early_morning,2,3
177B,AM_peak,3,4
177B,midday,3,4
177B,PM_peak,3,4
177B,evening,3,4
177,early_morning,3,4
177,AM_peak,3,4
177,midday,3,4
177,PM_peak,3,4
177,evening,2,3
177D,early_morning,2,3
177D,AM_peak,3,4
177D,midday,2,3
177D,PM_peak,3,4
177D,evening,2,3
177K,early_morning,2,3
177K,AM_peak,3,4
177K,midday,2,3
177K,PM_peak,3,4
177K,evening,2,3
177M,early_morning,2,4
177M,AM_peak,3,5
177M,midday,2,4
177M,PM_peak,3,5
177M,evening,2,4
179A,early_morning,2,3
179A,AM_peak,2,3
179A,midday,3,4
179A,PM_peak,2,3
179A,evening,2,3
179,early_morning,1,2
179,AM_peak,1,2
179,midday,2,4
179,PM_peak,1,2
179,evening,1,2
17A,early_morning,2,4
17A,AM_peak,2,4
17A,midday,2,4
17A,PM_peak,1,2
17A,evening,2,4
17B,early_morning,3,2
17B,AM_peak,3,2
17B,midday,3,2
17B,PM_peak,3,2
17B,evening,3,2
17,early_morning,1,2
17,AM_peak,1,2
17,midday,1,2
17,PM_peak,1,2
17,evening,1,2
180,early_morning,2,4
180,AM_peak,1,2
180,midday,2,4
180,PM_peak,1,2
180,evening,2,4
181A,early_morning,2,4
181A,AM_peak,1,2
181A,midday,2,4
181A,PM_peak,1,2
181A,evening,2,4
181B,early_morning,2,4
181B,AM_peak,1,2
181B,midday,3,5
181B,PM_peak,1,2
181B,evening,3,5
181C,early_morning,2,4
181C,AM_peak,1,2
181C,midday,2,4
181C,PM_peak,2,4
181C,evening,3,5
181,early_morning,2,3
181,AM_peak,1,2
181,midday,2,3
181,PM_peak,2,3
181,evening,2,3
183A,early_morning,1,4
183A,AM_peak,1,4
183A,midday,1,4
183A,PM_peak,1,4
183A,evening,1,4
183,early_morning,2,5
183,AM_peak,1,3
183,midday,2,5
183,PM_peak,1,3
183,evening,2,5
184A,early_morning,2,3
184A,AM_peak,2,3
184A,midday,2,3
184A,PM_peak,2,3
184A,evening,2,3
184A-NGT,early_morning,2,3
184A-NGT,AM_peak,2,3
184A-NGT,midday,2,3
184A-NGT,PM_peak,2,3
184A-NGT,evening,2,3
184B,early_morning,1,2
184B,AM_peak,1,2
184B,midday,2,4
184B,PM_peak,1,2
184B,evening,1,2
184,early_morning,2,5
184,AM_peak,1,3
184,midday,2,5
184,PM_peak,1,3
184,evening,2,5
185,early_morning,3,3
185,AM_peak,3,3
185,midday,3,3
185,PM_peak,3,3
185,evening,3,3
186A,early_morning,2,3
186A,AM_peak,2,3
186A,midday,2,3
186A,PM_peak,2,3
186A,evening,2,3
186B,early_morning,2,2
186B,AM_peak,2,2
186B,midday,2,2
186B,PM_peak,2,2
186B,evening,2,2
186,early_morning,2,4
186,AM_peak,3,6
186,midday,2,4
186,PM_peak,3,6
186,evening,2,4
187,early_morning,2,5
187,AM_peak,3,7
187,midday,2,5
187,PM_peak,3,7
187,evening,2,5
188,early_morning,2,5
188,AM_peak,1,3
188,midday,2,5
188,PM_peak,1,3
188,evening,2,5
189,early_morning,2,2
189,AM_peak,2,2
189,midday,2,2
189,PM_peak,2,2
189,evening,2,2
18,early_morning,2,2
18,AM_peak,1,1
18,midday,2,2
18,PM_peak,1,1
18,evening,2,2
190A,early_morning,2,3
190A,AM_peak,2,3
190A,midday,2,3
190A,PM_peak,2,3
190A,evening,2,3
190,early_morning,4,3
190,AM_peak,2,2
190,midday,4,3
190,PM_peak,2,2
190,evening,4,3
191,early_morning,2,4
191,AM_peak,3,6
191,midday,2,4
191,PM_peak,3,6
191,evening,2,4
192A,early_morning,2,2
192A,AM_peak,2,2
192A,midday,2,2
192A,PM_peak,2,2
192A,evening,2,2
192,early_morning,2,2
192,AM_peak,2,2
192,midday,2,2
192,PM_peak,2,2
192,evening,2,2
193,early_morning,1,3
193,AM_peak,1,3
193,midday,1,3
193,PM_peak,1,3
193,evening,1,3
195,early_morning,2,3
195,AM_peak,2,3
195,midday,2,3
195,PM_peak,2,3
195,evening,2,3
196A,early_morning,1,2
196A,AM_peak,1,2
196A,midday,1,2
196A,PM_peak,1,2
196A,evening,2,4
196,early_morning,2,4
196,AM_peak,1,2
196,midday,2,4
196,PM_peak,1,2
196,evening,2,4
197,early_morning,2,5
197,AM_peak,1,3
197,midday,2,5
197,PM_peak,1,3
197,evening,2,5
198,early_morning,2,3
198,AM_peak,2,3
198,midday,2,3
198,PM_peak,2,3
198,evening,2,3
19A,early_morning,2,3
19A,AM_peak,1,2
19A,midday,2,3
19A,PM_peak,2,3
19A,evening,2,3
19B,early_morning,3,4
19B,AM_peak,2,3
19B,midday,3,4
19B,PM_peak,2,3
19B,evening,3,4
19,early_morning,2,4
19,AM_peak,1,2
19,midday,2,4
19,PM_peak,1,2
19,evening,2,4
200A,early_morning,3,2
200A,AM_peak,3,2
200A,midday,3,2
200A,PM_peak,3,2
200A,evening,3,2
200,early_morning,2,3
200,AM_peak,2,3
200,midday,2,3
200,PM_peak,2,3
200,evening,2,3
201,early_morning,1,5
201,AM_peak,1,5
201,midday,1,5
201,PM_peak,1,5
201,evening,1,5
202A,early_morning,2,4
202A,AM_peak,1,2
202A,midday,2,4
202A,PM_peak,1,2
202A,evening,2,4
202B,early_morning,2,4
202B,AM_peak,1,2
202B,midday,2,4
202B,PM_peak,1,2
202B,evening,2,4
202,early_morning,2,5
202,AM_peak,1,3
202,midday,2,5
202,PM_peak,1,3
202,evening,2,5
203,early_morning,2,3
203,AM_peak,3,5
203,midday,2,3
203,PM_peak,3,5
203,evening,2,3
203-NGT,early_morning,2,3
203-NGT,AM_peak,3,5
203-NGT,midday,2,3
203-NGT,PM_peak,3,5
203-NGT,evening,2,3
203P,early_morning,2,4
203P,AM_peak,3,6
203P,midday,2,4
203P,PM_peak,3,6
203P,evening,2,4
204,early_morning,1,4
204,AM_peak,1,4
204,midday,1,4
204,PM_peak,1,4
204,evening,1,4
205,early_morning,1,4
205,AM_peak,1,4
205,midday,1,4
205,PM_peak,1,4
205,evening,1,4
206,early_morning,1,4
206,AM_peak,1,4
206,midday,1,4
206,PM_peak,1,4
206,evening,1,4
207A,early_morning,1,3
207A,AM_peak,1,3
207A,midday,1,3
207A,PM_peak,1,3
207A,evening,1,3
207,early_morning,1,4
207,AM_peak,1,4
207,midday,1,4
207,PM_peak,1,4
207,evening,1,4
208A,early_morning,1,4
208A,AM_peak,1,4
208A,midday,1,4
208A,PM_peak,1,4
208A,evening,1,4
208,early_morning,1,5
208,AM_peak,1,5
208,midday,1,5
208,PM_peak,1,5
208,evening,1,5
20A,early_morning,2,2
20A,AM_peak,2,2
20A,midday,2,2
20A,PM_peak,2,2
20A,evening,4,3
20B,early_morning,2,3
20B,AM_peak,2,3
20B,midday,2,3
20B,PM_peak,2,3
20B,evening,2,3
20,early_morning,2,3
20,AM_peak,3,5
20,midday,2,3
20,PM_peak,3,5
20,evening,2,3
213,early_morning,1,3
213,AM_peak,3,9
213,midday,1,3
213,PM_peak,3,9
213,evening,1,3
215A,early_morning,2,3
215A,AM_peak,2,3
215A,midday,2,3
215A,PM_peak,2,3
215A,evening,2,3
215,early_morning,2,3
215,AM_peak,2,3
215,midday,2,3
215,PM_peak,2,3
215,evening,2,3
216A,early_morning,2,2
216A,AM_peak,2,2
216A,midday,2,2
216A,PM_peak,2,2
216A,evening,2,2
216B,early_morning,2,5
216B,AM_peak,1,3
216B,midday,2,5
216B,PM_peak,1,3
216B,evening,2,5
216C,early_morning,2,2
216C,AM_peak,2,2
216C,midday,2,2
216C,PM_peak,2,2
216C,evening,2,2
216-R,early_morning,2,4
216-R,AM_peak,1,2
216-R,midday,2,4
216-R,PM_peak,1,2
216-R,evening,2,4
217A,early_morning,3,2
217A,AM_peak,3,2
217A,midday,3,2
217A,PM_peak,3,2
217A,evening,3,2
217B,early_morning,3,4
217B,AM_peak,2,3
217B,midday,3,4
217B,PM_peak,2,3
217B,evening,3,4
217,early_morning,2,2
217,AM_peak,2,2
217,midday,2,2
217,PM_peak,2,2
217,evening,2,2
218,early_morning,1,3
218,AM_peak,1,3
218,midday,1,3
218,PM_peak,1,3
218,evening,1,3
21A,early_morning,2,3
21A,AM_peak,2,3
21A,midday,2,3
21A,PM_peak,2,3
21A,evening,2,3
21B,early_morning,2,4
21B,AM_peak,1,2
21B,midday,2,4
21B,PM_peak,1,2
21B,evening,2,4
21,early_morning,1,3
21,AM_peak,1,3
21,midday,1,3
21,PM_peak,1,3
21,evening,1,3
21N,early_morning,2,4
21N,AM_peak,1,2
21N,midday,1,2
21N,PM_peak,1,2
21N,evening,2,4
226,early_morning,2,5
226,AM_peak,3,7
226,midday,2,5
226,PM_peak,3,7
226,evening,2,5
227A,early_morning,2,3
227A,AM_peak,2,3
227A,midday,2,3
227A,PM_peak,2,3
227A,evening,2,3
227,early_morning,1,4
227,AM_peak,1,4
227,midday,1,4
227,PM_peak,1,4
227,evening,1,4
22A,early_morning,2,3
22A,AM_peak,2,3
22A,midday,2,3
22A,PM_peak,2,3
22A,evening,2,3
22,early_morning,3,4
22,AM_peak,2,3
22,midday,3,4
22,PM_peak,2,3
22,evening,3,4
230,early_morning,2,3
230,AM_peak,3,5
230,midday,2,3
230,PM_peak,3,5
230,evening,2,3
233,early_morning,1,5
233,AM_peak,1,5
233,midday,1,5
233,PM_peak,1,5
233,evening,1,5
234,early_morning,2,4
234,AM_peak,1,2
234,midday,2,4
234,PM_peak,1,2
234,evening,2,4
235,early_morning,1,3
235,AM_peak,1,3
235,midday,1,3
235,PM_peak,1,3
235,evening,1,3
236,early_morning,2,4
236,AM_peak,1,2
236,midday,2,4
236,PM_peak,1,2
236,evening,2,4
237,early_morning,1,4
237,AM_peak,1,4
237,midday,1,4
237,PM_peak,1,4
237,evening,1,4
23,early_morning,2,3
23,AM_peak,3,5
23,midday,2,3
23,PM_peak,3,5
23,evening,2,3
24A,early_morning,2,5
24A,AM_peak,1,3
24A,midday,2,5
24A,PM_peak,1,3
24A,evening,2,5
24B,early_morning,1,3
24B,AM_peak,1,3
24B,midday,1,3
24B,PM_peak,1,3
24B,evening,1,3
24,early_morning,2,5
24,AM_peak,1,3
24,midday,2,5
24,PM_peak,1,3
24,evening,2,5
24-NGT,early_morning,2,3
24-NGT,AM_peak,3,5
24-NGT,midday,2,3
24-NGT,PM_peak,3,5
24-NGT,evening,2,3
252A,early_morning,2,4
252A,AM_peak,3,5
252A,midday,2,4
252A,PM_peak,3,5
252A,evening,2,4
252,early_morning,1,3
252,AM_peak,1,3
252,midday,1,3
252,PM_peak,1,3
252,evening,1,3
256B,early_morning,2,4
256B,AM_peak,1,2
256B,midday,2,4
256B,PM_peak,1,2
256B,evening,2,4
256,early_morning,2,4
256,AM_peak,1,2
256,midday,2,4
256,PM_peak,1,2
256,evening,2,4
256S,early_morning,2,3
256S,AM_peak,2,3
256S,midday,2,3
256S,PM_peak,2,3
256S,evening,2,3
257,early_morning,1,4
257,AM_peak,1,4
257,midday,1,4
257,PM_peak,1,4
257,evening,1,4
262A,early_morning,2,4
262A,AM_peak,1,2
262A,midday,3,5
262A,PM_peak,1,2
262A,evening,2,4
262,early_morning,1,4
262,AM_peak,1,4
262,midday,1,4
262,PM_peak,1,4
262,evening,1,4
264,early_morning,1,5
264,AM_peak,1,5
264,midday,1,5
264,PM_peak,1,5
264,evening,1,5
26,early_morning,2,3
26,AM_peak,2,3
26,midday,2,3
26,PM_peak,2,3
26,evening,2,3
276,early_morning,1,4
276,AM_peak,1,4
276,midday,1,4
276,PM_peak,1,4
276,evening,1,4
277A,early_morning,2,3
277A,AM_peak,2,3
277A,midday,2,3
277A,PM_peak,2,3
277A,evening,2,3
277,early_morning,2,7
277,AM_peak,1,4
277,midday,2,7
277,PM_peak,1,4
277,evening,2,7
279A,early_morning,1,4
279A,AM_peak,1,4
279A,midday,1,4
279A,PM_peak,1,4
279A,evening,1,4
279B,early_morning,2,2
279B,AM_peak,2,2
279B,midday,2,2
279B,PM_peak,2,2
279B,evening,2,2
279,early_morning,1,5
279,AM_peak,1,5
279,midday,1,5
279,PM_peak,1,5
279,evening,1,5
27,early_morning,2,3
27,AM_peak,2,3
27,midday,2,3
27,PM_peak,2,3
27,evening,2,3
280,early_morning,3,4
280,AM_peak,2,3
280,midday,2,3
280,PM_peak,2,3
280,evening,3,4
281,early_morning,2,7
281,AM_peak,1,4
281,midday,2,7
281,PM_peak,1,4
281,evening,2,7
282,early_morning,1,4
282,AM_peak,1,4
282,midday,1,4
282,PM_peak,1,4
282,evening,1,4
283,early_morning,2,4
283,AM_peak,3,5
283,midday,2,4
283,PM_peak,3,5
283,evening,2,4
284,early_morning,1,4
284,AM_peak,1,4
284,midday,1,4
284,PM_peak,1,4
284,evening,1,4
286,early_morning,2,5
286,AM_peak,1,3
286,midday,2,5
286,PM_peak,1,3
286,evening,2,5
28,early_morning,2,3
28,AM_peak,2,3
28,midday,2,3
28,PM_peak,2,3
28,evening,2,3
290A,early_morning,4,2
290A,AM_peak,2,1
290A,midday,4,2
290A,PM_peak,2,1
290A,evening,4,2
290,early_morning,2,4
290,AM_peak,1,2
290,midday,2,4
290,PM_peak,1,2
290,evening,2,4
291A,early_morning,2,5
291A,AM_peak,1,3
291A,midday,2,5
291A,PM_peak,1,3
291A,evening,2,5
291,early_morning,2,4
291,AM_peak,1,2
291,midday,2,4
291,PM_peak,1,2
291,evening,2,4
292A,early_morning,1,5
292A,AM_peak,1,5
292A,midday,1,5
292A,PM_peak,1,5
292A,evening,1,5
292B,early_morning,1,4
292B,AM_peak,1,4
292B,midday,1,4
292B,PM_peak,1,4
292B,evening,1,4
292C,early_morning,1,4
292C,AM_peak,1,4
292C,midday,1,4
292C,PM_peak,1,4
292C,evening,1,4
292,early_morning,1,4
292,AM_peak,1,4
292,midday,1,4
292,PM_peak,1,4
292,evening,1,4
292D,early_morning,1,4
292D,AM_peak,1,4
292D,midday,1,4
292D,PM_peak,1,4
292D,evening,1,4
293A,early_morning,1,4
293A,AM_peak,1,4
293A,midday,1,4
293A,PM_peak,1,4
293A,evening,1,4
293D,early_morning,1,3
293D,AM_peak,1,3
293D,midday,1,3
293D,PM_peak,1,3
293D,evening,1,3
294,early_morning,2,3
294,AM_peak,2,3
294,midday,2,3
294,PM_peak,2,3
294,evening,2,3
295A,early_morning,3,2
295A,AM_peak,3,2
295A,midday,3,2
295A,PM_peak,3,2
295A,evening,3,2
295B,early_morning,2,4
295B,AM_peak,1,2
295B,midday,2,4
295B,PM_peak,1,2
295B,evening,2,4
295,early_morning,2,5
295,AM_peak,3,7
295,midday,2,5
295,PM_peak,3,7
295,evening,2,5
296A,early_morning,3,2
296A,AM_peak,3,2
296A,midday,3,2
296A,PM_peak,3,2
296A,evening,3,2
296,early_morning,2,4
296,AM_peak,1,2
296,midday,2,4
296,PM_peak,1,2
296,evening,2,4
297,early_morning,2,3
297,AM_peak,2,3
297,midday,2,3
297,PM_peak,2,3
297,evening,2,3
298,early_morning,1,4
298,AM_peak,1,4
298,midday,1,4
298,PM_peak,1,4
298,evening,1,4
299,early_morning,1,4
299,AM_peak,1,4
299,midday,1,4
299,PM_peak,1,4
299,evening,1,4
29A,early_morning,1,4
29A,AM_peak,1,4
29A,midday,1,4
29A,PM_peak,1,4
29A,evening,1,4
29,early_morning,3,5
29,AM_peak,3,5
29,midday,3,5
29,PM_peak,3,5
29,evening,3,5
2A,early_morning,2,3
2A,AM_peak,2,3
2A,midday,2,3
2A,PM_peak,2,3
2A,evening,2,3
2B,early_morning,2,4
2B,AM_peak,1,2
2B,midday,2,4
2B,PM_peak,1,2
2B,evening,2,4
2,early_morning,3,4
2,AM_peak,2,3
2,midday,2,3
2,PM_peak,2,3
2,evening,2,3
2D,early_morning,4,2
2D,AM_peak,2,1
2D,midday,4,2
2D,PM_peak,2,1
2D,evening,4,2
2E,early_morning,2,3
2E,AM_peak,1,2
2E,midday,2,3
2E,PM_peak,2,3
2E,evening,2,3
2F,early_morning,2,2
2F,AM_peak,2,2
2F,midday,2,2
2F,PM_peak,2,2
2F,evening,2,2
2G,early_morning,2,3
2G,AM_peak,2,3
2G,midday,2,3
2G,PM_peak,2,3
2G,evening,2,3
2H,early_morning,2,4
2H,AM_peak,1,2
2H,midday,2,4
2H,PM_peak,1,2
2H,evening,2,4
2I,early_morning,2,4
2I,AM_peak,1,2
2I,midday,2,4
2I,PM_peak,1,2
2I,evening,2,4
2J,early_morning,4,2
2J,AM_peak,2,1
2J,midday,4,2
2J,PM_peak,2,1
2J,evening,4,2
2K,early_morning,2,4
2K,AM_peak,1,2
2K,midday,2,4
2K,PM_peak,1,2
2K,evening,2,4
2L,early_morning,4,2
2L,AM_peak,2,1
2L,midday,4,2
2L,PM_peak,2,1
2L,evening,4,2
2-NGT,early_morning,2,3
2-NGT,AM_peak,2,3
2-NGT,midday,3,4
2-NGT,PM_peak,2,3
2-NGT,evening,3,4
301,early_morning,2,5
301,AM_peak,1,3
301,midday,2,5
301,PM_peak,1,3
301,evening,2,5
302A,early_morning,1,3
302A,AM_peak,1,3
302A,midday,2,5
302A,PM_peak,1,3
302A,evening,1,3
302B,early_morning,1,3
302B,AM_peak,1,3
302B,midday,1,3
302B,PM_peak,1,3
302B,evening,1,3
302C,early_morning,3,2
302C,AM_peak,3,2
302C,midday,3,2
302C,PM_peak,3,2
302C,evening,3,2
302,early_morning,2,3
302,AM_peak,2,3
302,midday,3,4
302,PM_peak,2,3
302,evening,3,4
302D,early_morning,2,2
302D,AM_peak,2,2
302D,midday,2,2
302D,PM_peak,2,2
302D,evening,2,2
303A,early_morning,3,4
303A,AM_peak,2,3
303A,midday,2,3
303A,PM_peak,2,3
303A,evening,3,4
303,early_morning,2,2
303,AM_peak,2,2
303,midday,2,2
303,PM_peak,2,2
303,evening,2,2
304A,early_morning,3,2
304A,AM_peak,3,2
304A,midday,3,2
304A,PM_peak,3,2
304A,evening,3,2
304,early_morning,3,5
304,AM_peak,2,4
304,midday,3,5
304,PM_peak,2,4
304,evening,3,5
305A,early_morning,1,3
305A,AM_peak,1,3
305A,midday,1,3
305A,PM_peak,1,3
305A,evening,1,3
305B,early_morning,1,4
305B,AM_peak,1,4
305B,midday,1,4
305B,PM_peak,1,4
305B,evening,1,4
305,early_morning,1,3
305,AM_peak,1,3
305,midday,1,3
305,PM_peak,1,3
305,evening,1,3
306,early_morning,2,4
306,AM_peak,1,2
306,midday,2,4
306,PM_peak,1,2
306,evening,2,4
307A,early_morning,3,2
307A,AM_peak,3,2
307A,midday,3,2
307A,PM_peak,3,2
307A,evening,3,2
307,early_morning,3,2
307,AM_peak,3,2
307,midday,3,2
307,PM_peak,3,2
307,evening,3,2
308,early_morning,2,2
308,AM_peak,2,2
308,midday,2,2
308,PM_peak,2,2
308,evening,2,2
309,early_morning,2,5
309,AM_peak,2,5
309,midday,2,5
309,PM_peak,2,5
309,evening,2,5
30A,early_morning,1,4
30A,AM_peak,1,4
30A,midday,1,4
30A,PM_peak,1,4
30A,evening,1,4
30,early_morning,1,4
30,AM_peak,1,4
30,midday,1,4
30,PM_peak,1,4
30,evening,1,4
310A,early_morning,2,3
310A,AM_peak,2,3
310A,midday,2,3
310A,PM_peak,2,3
310A,evening,2,3
310,early_morning,1,4
310,AM_peak,3,10
310,midday,1,4
310,PM_peak,3,10
310,evening,1,4
311,early_morning,1,3
311,AM_peak,3,9
311,midday,1,3
311,PM_peak,3,9
311,evening,1,3
312,early_morning,1,3
312,AM_peak,3,9
312,midday,1,3
312,PM_peak,3,9
312,evening,1,3
313A,early_morning,2,5
313A,AM_peak,1,3
313A,midday,2,5
313A,PM_peak,1,3
313A,evening,2,5
313B,early_morning,1,3
313B,AM_peak,1,3
313B,midday,2,6
313B,PM_peak,1,3
313B,evening,2,6
313C,early_morning,1,4
313C,AM_peak,1,4
313C,midday,1,4
313C,PM_peak,1,4
313C,evening,1,4
313,early_morning,1,3
313,AM_peak,1,3
313,midday,1,3
313,PM_peak,1,3
313,evening,1,3
313D,early_morning,1,3
313D,AM_peak,1,3
313D,midday,1,3
313D,PM_peak,1,3
313D,evening,1,3
314,early_morning,2,3
314,AM_peak,2,3
314,midday,2,3
314,PM_peak,2,3
314,evening,2,3
315A,early_morning,2,6
315A,AM_peak,3,9
315A,midday,1,3
315A,PM_peak,3,9
315A,evening,2,6
315,early_morning,2,5
315,AM_peak,3,8
315,midday,2,5
315,PM_peak,3,8
315,evening,2,5
315D,early_morning,2,3
315D,AM_peak,2,3
315D,midday,2,3
315D,PM_peak,2,3
315D,evening,2,3
316,early_morning,2,4
316,AM_peak,1,2
316,midday,2,4
316,PM_peak,1,2
316,evening,2,4
317A,early_morning,2,4
317A,AM_peak,1,2
317A,midday,2,4
317A,PM_peak,1,2
317A,evening,2,4
317B,early_morning,2,3
317B,AM_peak,3,4
317B,midday,2,3
317B,PM_peak,3,4
317B,evening,2,3
317,early_morning,1,3
317,AM_peak,3,9
317,midday,1,3
317,PM_peak,3,9
317,evening,1,3
318A,early_morning,1,4
318A,AM_peak,3,10
318A,midday,2,7
318A,PM_peak,3,10
318A,evening,1,4
318,early_morning,1,4
318,AM_peak,3,10
318,midday,1,4
318,PM_peak,3,10
318,evening,1,4
319,early_morning,1,5
319,AM_peak,1,5
319,midday,1,5
319,PM_peak,1,5
319,evening,1,5
31A,early_morning,2,3
31A,AM_peak,3,5
31A,midday,2,3
31A,PM_peak,3,5
31A,evening,2,3
31,early_morning,2,3
31,AM_peak,3,5
31,midday,2,3
31,PM_peak,3,5
31,evening,2,3
320,early_morning,1,4
320,AM_peak,1,4
320,midday,1,4
320,PM_peak,1,4
320,evening,1,4
321A,early_morning,1,3
321A,AM_peak,1,3
321A,midday,1,3
321A,PM_peak,1,3
321A,evening,1,3
321,early_morning,1,3
321,AM_peak,1,3
321,midday,1,3
321,PM_peak,1,3
321,evening,1,3
322A,early_morning,1,4
322A,AM_peak,1,4
322A,midday,1,4
322A,PM_peak,1,4
322A,evening,1,4
322K,early_morning,1,3
322K,AM_peak,1,3
322K,midday,1,3
322K,PM_peak,1,3
322K,evening,1,3
323A,early_morning,1,4
323A,AM_peak,1,4
323A,midday,1,4
323A,PM_peak,1,4
323A,evening,1,4
323B,early_morning,2,3
323B,AM_peak,2,3
323B,midday,2,3
323B,PM_peak,2,3
323B,evening,2,3
323C,early_morning,2,2
323C,AM_peak,2,2
323C,midday,2,2
323C,PM_peak,2,2
323C,evening,2,2
323,early_morning,1,3
323,AM_peak,1,3
323,midday,1,3
323,PM_peak,1,3
323,evening,1,3
324,early_morning,1,4
324,AM_peak,1,4
324,midday,1,4
324,PM_peak,1,4
324,evening,1,4
325A,early_morning,4,2
325A,AM_peak,2,1
325A,midday,4,2
325A,PM_peak,2,1
325A,evening,4,2
325,early_morning,2,5
325,AM_peak,3,7
325,midday,2,5
325,PM_peak,3,7
325,evening,2,5
326A,early_morning,2,3
326A,AM_peak,2,3
326A,midday,2,3
326A,PM_peak,2,3
326A,evening,2,3
326B,early_morning,2,2
326B,AM_peak,2,2
326B,midday,2,2
326B,PM_peak,2,2
326B,evening,2,2
326,early_morning,2,3
326,AM_peak,2,3
326,midday,2,3
326,PM_peak,2,3
326,evening,2,3
327A,early_morning,2,6
327A,AM_peak,1,3
327A,midday,1,3
327A,PM_peak,1,3
327A,evening,2,6
327B,early_morning,1,4
327B,AM_peak,1,4
327B,midday,1,4
327B,PM_peak,1,4
327B,evening,1,4
327C,early_morning,2,4
327C,AM_peak,1,2
327C,midday,2,4
327C,PM_peak,1,2
327C,evening,2,4
327,early_morning,1,5
327,AM_peak,1,5
327,midday,1,5
327,PM_peak,1,5
327,evening,1,5
328A,early_morning,4,2
328A,AM_peak,2,1
328A,midday,4,2
328A,PM_peak,2,1
328A,evening,4,2
329A,early_morning,1,5
329A,AM_peak,3,13
329A,midday,1,5
329A,PM_peak,3,13
329A,evening,1,5
329,early_morning,1,5
329,AM_peak,3,13
329,midday,1,5
329,PM_peak,3,13
329,evening,1,5
32,early_morning,1,5
32,AM_peak,1,5
32,midday,1,5
32,PM_peak,1,5
32,evening,1,5
331A,early_morning,2,4
331A,AM_peak,2,4
331A,midday,2,4
331A,PM_peak,2,4
331A,evening,2,4
331B,early_morning,2,6
331B,AM_peak,1,3
331B,midday,2,6
331B,PM_peak,1,3
331B,evening,2,6
331C,early_morning,3,4
331C,AM_peak,2,3
331C,midday,3,4
331C,PM_peak,2,3
331C,evening,3,4
331,early_morning,1,3
331,AM_peak,1,3
331,midday,1,3
331,PM_peak,1,3
331,evening,1,3
331D,early_morning,2,4
331D,AM_peak,1,2
331D,midday,2,4
331D,PM_peak,1,2
331D,evening,2,4
332A,early_morning,2,4
332A,AM_peak,1,2
332A,midday,2,4
332A,PM_peak,1,2
332A,evening,2,4
332,early_morning,1,4
332,AM_peak,3,10
332,midday,1,4
332,PM_peak,3,10
332,evening,1,4
333,early_morning,1,4
333,AM_peak,3,10
333,midday,1,4
333,PM_peak,3,10
333,evening,1,4
334,early_morning,2,2
334,AM_peak,2,2
334,midday,2,2
334,PM_peak,2,2
334,evening,2,2
335A,early_morning,2,3
335A,AM_peak,2,3
335A,midday,2,3
335A,PM_peak,2,3
335A,evening,2,3
335B,early_morning,2,3
335B,AM_peak,2,3
335B,midday,2,3
335B,PM_peak,2,3
335B,evening,3,4
336,early_morning,1,4
336,AM_peak,1,4
336,midday,1,4
336,PM_peak,1,4
336,evening,1,4
337,early_morning,1,5
337,AM_peak,1,5
337,midday,1,5
337,PM_peak,1,5
337,evening,1,5
339B,early_morning,2,6
339B,AM_peak,3,9
339B,midday,1,3
339B,PM_peak,3,9
339B,evening,1,3
339,early_morning,1,5
339,AM_peak,1,5
339,midday,1,5
339,PM_peak,1,5
339,evening,1,5
33A,early_morning,2,3
33A,AM_peak,2,3
33A,midday,2,3
33A,PM_peak,1,2
33A,evening,2,3
33,early_morning,3,4
33,AM_peak,2,3
33,midday,2,3
33,PM_peak,2,3
33,evening,3,4
341,early_morning,1,3
341,AM_peak,1,3
341,midday,1,3
341,PM_peak,1,3
341,evening,1,3
344A,early_morning,2,4
344A,AM_peak,1,2
344A,midday,2,4
344A,PM_peak,1,2
344A,evening,2,4
344B,early_morning,2,4
344B,AM_peak,1,2
344B,midday,2,4
344B,PM_peak,1,2
344B,evening,2,4
344,early_morning,1,4
344,AM_peak,1,4
344,midday,1,4
344,PM_peak,1,4
344,evening,1,4
345,early_morning,1,3
345,AM_peak,3,8
345,midday,1,3
345,PM_peak,3,8
345,evening,1,3
347A,early_morning,2,5
347A,AM_peak,1,3
347A,midday,2,5
347A,PM_peak,1,3
347A,evening,2,5
347,early_morning,2,8
347,AM_peak,1,4
347,midday,1,4
347,PM_peak,1,4
347,evening,1,4
348,early_morning,1,4
348,AM_peak,3,10
348,midday,1,4
348,PM_peak,3,10
348,evening,1,4
350A,early_morning,2,5
350A,AM_peak,1,3
350A,midday,2,5
350A,PM_peak,1,3
350A,evening,2,5
350B,early_morning,2,3
350B,AM_peak,2,3
350B,midday,2,3
350B,PM_peak,2,3
350B,evening,2,3
350,early_morning,2,3
350,AM_peak,2,3
350,midday,2,3
350,PM_peak,2,3
350,evening,2,3
351A,early_morning,1,3
351A,AM_peak,1,3
351A,midday,1,3
351A,PM_peak,1,3
351A,evening,1,3
351,early_morning,1,4
351,AM_peak,1,4
351,midday,1,4
351,PM_peak,1,4
351,evening,1,4
354A,early_morning,2,7
354A,AM_peak,1,4
354A,midday,2,7
354A,PM_peak,1,4
354A,evening,2,7
354,early_morning,1,4
354,AM_peak,1,4
354,midday,1,4
354,PM_peak,1,4
354,evening,1,4
355,early_morning,2,4
355,AM_peak,1,2
355,midday,2,4
355,PM_peak,1,2
355,evening,2,4
357,early_morning,1,6
357,AM_peak,3,17
357,midday,1,6
357,PM_peak,3,17
357,evening,1,6
358,early_morning,2,7
358,AM_peak,1,4
358,midday,2,7
358,PM_peak,1,4
358,evening,2,7
360,early_morning,1,5
360,AM_peak,1,5
360,midday,1,5
360,PM_peak,1,5
360,evening,1,5
361,early_morning,2,3
361,AM_peak,2,3
361,midday,2,3
361,PM_peak,2,3
361,evening,2,3
362A,early_morning,2,5
362A,AM_peak,1,3
362A,midday,2,5
362A,PM_peak,1,3
362A,evening,2,5
362B,early_morning,4,3
362B,AM_peak,2,2
362B,midday,4,3
362B,PM_peak,2,2
362B,evening,4,3
362,early_morning,2,4
362,AM_peak,1,2
362,midday,2,4
362,PM_peak,1,2
362,evening,2,4
363A,early_morning,2,3
363A,AM_peak,2,3
363A,midday,2,3
363A,PM_peak,2,3
363A,evening,2,3
363,early_morning,2,3
363,AM_peak,2,3
363,midday,2,3
363,PM_peak,2,3
363,evening,2,3
366A,early_morning,1,4
366A,AM_peak,1,4
366A,midday,1,4
366A,PM_peak,1,4
366A,evening,1,4
366B,early_morning,1,3
366B,AM_peak,3,7
366B,midday,2,5
366B,PM_peak,3,7
366B,evening,1,3
366C,early_morning,1,4
366C,AM_peak,1,4
366C,midday,1,4
366C,PM_peak,1,4
366C,evening,1,4
366,early_morning,1,3
366,AM_peak,3,9
366,midday,1,3
366,PM_peak,3,9
366,evening,1,3
367A,early_morning,2,5
367A,AM_peak,1,3
367A,midday,2,5
367A,PM_peak,1,3
367A,evening,2,5
367B,early_morning,2,3
367B,AM_peak,2,3
367B,midday,2,3
367B,PM_peak,2,3
367B,evening,2,3
367C,early_morning,2,5
367C,AM_peak,1,3
367C,midday,2,5
367C,PM_peak,1,3
367C,evening,2,5
367,early_morning,2,3
367,AM_peak,2,3
367,midday,2,3
367,PM_peak,2,3
367,evening,2,3
36,early_morning,2,5
36,AM_peak,1,3
36,midday,2,5
36,PM_peak,1,3
36,evening,2,5
370-R,early_morning,2,4
370-R,AM_peak,1,2
370-R,midday,2,4
370-R,PM_peak,1,2
370-R,evening,2,4
372,early_morning,1,3
372,AM_peak,1,3
372,midday,1,3
372,PM_peak,1,3
372,evening,1,3
373,early_morning,3,4
373,AM_peak,2,3
373,midday,3,4
373,PM_peak,2,3
373,evening,3,4
376A,early_morning,1,4
376A,AM_peak,1,4
376A,midday,1,4
376A,PM_peak,1,4
376A,evening,1,4
376B,early_morning,1,5
376B,AM_peak,1,5
376B,midday,1,5
376B,PM_peak,1,5
376B,evening,1,5
376,early_morning,2,8
376,AM_peak,1,4
376,midday,2,8
376,PM_peak,1,4
376,evening,2,8
376D,early_morning,3,4
376D,AM_peak,2,3
376D,midday,2,3
376D,PM_peak,2,3
376D,evening,3,4
376E,early_morning,1,3
376E,AM_peak,1,3
376E,midday,1,3
376E,PM_peak,1,3
376E,evening,1,3
376F,early_morning,1,3
376F,AM_peak,1,3
376F,midday,1,3
376F,PM_peak,1,3
376F,evening,1,3
376G,early_morning,1,4
376G,AM_peak,1,4
376G,midday,1,4
376G,PM_peak,1,4
376G,evening,1,4
376H,early_morning,1,3
376H,AM_peak,1,3
376H,midday,1,3
376H,PM_peak,1,3
376H,evening,1,3
376K,early_morning,1,5
376K,AM_peak,1,5
376K,midday,1,5
376K,PM_peak,1,5
376K,evening,1,5
37,early_morning,2,2
37,AM_peak,2,2
37,midday,2,2
37,PM_peak,1,1
37,evening,2,2
38,early_morning,2,3
38,AM_peak,1,2
38,midday,2,3
38,PM_peak,2,3
38,evening,2,3
39,early_morning,2,3
39,AM_peak,3,5
39,midday,2,3
39,PM_peak,3,5
39,evening,2,3
3,early_morning,2,3
3,AM_peak,3,4
3,midday,2,3
3,PM_peak,3,4
3,evening,2,3
40,early_morning,2,2
40,AM_peak,2,2
40,midday,2,2
40,PM_peak,2,2
40,evening,2,2
41,early_morning,2,5
41,AM_peak,1,3
41,midday,2,5
41,PM_peak,1,3
41,evening,2,5
42,early_morning,1,4
42,AM_peak,1,4
42,midday,2,7
42,PM_peak,1,4
42,evening,1,4
43A,early_morning,1,5
43A,AM_peak,1,5
43A,midday,1,5
43A,PM_peak,1,5
43A,evening,1,5
43,early_morning,1,5
43,AM_peak,1,5
43,midday,1,5
43,PM_peak,1,5
43,evening,1,5
46,early_morning,1,4
46,AM_peak,1,4
46,midday,1,4
46,PM_peak,1,4
46,evening,1,4
47A,early_morning,2,3
47A,AM_peak,2,3
47A,midday,2,3
47A,PM_peak,2,3
47A,evening,2,3
47,early_morning,2,5
47,AM_peak,1,3
47,midday,2,5
47,PM_peak,1,3
47,evening,2,5
48,early_morning,2,4
48,AM_peak,3,6
48,midday,2,4
48,PM_peak,3,6
48,evening,2,4
49,early_morning,1,4
49,AM_peak,3,10
49,midday,1,4
49,PM_peak,3,10
49,evening,1,4
50B,early_morning,1,3
50B,AM_peak,1,3
50B,midday,1,3
50B,PM_peak,1,3
50B,evening,1,3
50,early_morning,1,3
50,AM_peak,1,3
50,midday,1,3
50,PM_peak,1,3
50,evening,1,3
51A,early_morning,2,4
51A,AM_peak,1,2
51A,midday,2,4
51A,PM_peak,1,2
51A,evening,2,4
51,early_morning,2,4
51,AM_peak,1,2
51,midday,2,4
51,PM_peak,1,2
51,evening,2,4
52A,early_morning,1,4
52A,AM_peak,1,4
52A,midday,1,4
52A,PM_peak,1,4
52A,evening,1,4
52B,early_morning,1,4
52B,AM_peak,1,4
52B,midday,1,4
52B,PM_peak,1,4
52B,evening,1,4
52,early_morning,1,3
52,AM_peak,1,3
52,midday,1,3
52,PM_peak,1,3
52,evening,1,3
53B,early_morning,4,2
53B,AM_peak,2,1
53B,midday,4,2
53B,PM_peak,2,1
53B,evening,4,2
53,early_morning,2,4
53,AM_peak,1,2
53,midday,2,4
53,PM_peak,1,2
53,evening,2,4
54A,early_morning,2,3
54A,AM_peak,2,3
54A,midday,2,3
54A,PM_peak,2,3
54A,evening,2,3
54B,early_morning,4,3
54B,AM_peak,2,2
54B,midday,4,3
54B,PM_peak,2,2
54B,evening,2,2
54,early_morning,2,4
54,AM_peak,1,2
54,midday,2,4
54,PM_peak,1,2
54,evening,2,4
55,early_morning,2,2
55,AM_peak,2,2
55,midday,2,2
55,PM_peak,2,2
55,evening,2,2
56,early_morning,2,3
56,AM_peak,2,3
56,midday,2,3
56,PM_peak,2,3
56,evening,2,3
57A,early_morning,2,3
57A,AM_peak,3,4
57A,midday,2,3
57A,PM_peak,3,4
57A,evening,2,3
57,early_morning,2,4
57,AM_peak,3,5
57,midday,1,2
57,PM_peak,3,5
57,evening,1,2
58A,early_morning,2,2
58A,AM_peak,2,2
58A,midday,2,2
58A,PM_peak,2,2
58A,evening,2,2
58,early_morning,2,2
58,AM_peak,2,2
58,midday,2,2
58,PM_peak,2,2
58,evening,2,2
58P,early_morning,2,2
58P,AM_peak,2,2
58P,midday,2,2
58P,PM_peak,2,2
58P,evening,2,2
59,early_morning,2,2
59,AM_peak,2,2
59,midday,2,2
59,PM_peak,2,2
59,evening,2,2
5A,early_morning,2,3
5A,AM_peak,2,3
5A,midday,2,3
5A,PM_peak,2,3
5A,evening,2,3
5,early_morning,2,2
5,AM_peak,3,3
5,midday,2,2
5,PM_peak,3,3
5,evening,2,2
60A,early_morning,2,3
60A,AM_peak,2,3
60A,midday,2,3
60A,PM_peak,2,3
60A,evening,2,3
60,early_morning,2,3
60,AM_peak,2,3
60,midday,2,3
60,PM_peak,2,3
60,evening,2,3
61,early_morning,1,4
61,AM_peak,1,4
61,midday,1,4
61,PM_peak,1,4
61,evening,1,4
62A,early_morning,2,3
62A,AM_peak,2,3
62A,midday,2,3
62A,PM_peak,2,3
62A,evening,2,3
62,early_morning,2,4
62,AM_peak,3,6
62,midday,2,4
62,PM_peak,3,6
62,evening,2,4
63,early_morning,2,4
63,AM_peak,3,5
63,midday,2,4
63,PM_peak,3,5
63,evening,2,4
64A,early_morning,2,3
64A,AM_peak,2,3
64A,midday,2,3
64A,PM_peak,1,2
64A,evening,2,3
64B,early_morning,2,4
64B,AM_peak,1,2
64B,midday,2,4
64B,PM_peak,1,2
64B,evening,2,4
64C,early_morning,2,2
64C,AM_peak,2,2
64C,midday,2,2
64C,PM_peak,2,2
64C,evening,2,2
64,early_morning,2,5
64,AM_peak,1,3
64,midday,2,5
64,PM_peak,1,3
64,evening,2,5
65A,early_morning,4,2
65A,AM_peak,2,1
65A,midday,4,2
65A,PM_peak,2,1
65A,evening,4,2
65,early_morning,2,5
65,AM_peak,1,3
65,midday,2,5
65,PM_peak,1,3
65,evening,2,5
66A,early_morning,2,2
66A,AM_peak,2,2
66A,midday,2,2
66A,PM_peak,2,2
66A,evening,2,2
66,early_morning,1,4
66,AM_peak,1,4
66,midday,1,4
66,PM_peak,1,4
66,evening,1,4
67,early_morning,1,3
67,AM_peak,1,3
67,midday,2,5
67,PM_peak,1,3
67,evening,1,3
68A,early_morning,2,4
68A,AM_peak,1,2
68A,midday,2,4
68A,PM_peak,1,2
68A,evening,2,4
68B,early_morning,2,4
68B,AM_peak,1,2
68B,midday,2,4
68B,PM_peak,1,2
68B,evening,2,4
68S,early_morning,2,4
68S,AM_peak,1,2
68S,midday,2,4
68S,PM_peak,1,2
68S,evening,2,4
69,early_morning,1,4
69,AM_peak,1,4
69,midday,1,4
69,PM_peak,1,4
69,evening,1,4
70A,early_morning,1,4
70A,AM_peak,1,4
70A,midday,1,4
70A,PM_peak,1,4
70A,evening,1,4
70B,early_morning,2,6
70B,AM_peak,1,3
70B,midday,2,6
70B,PM_peak,1,3
70B,evening,1,3
70C,early_morning,1,4
70C,AM_peak,1,4
70C,midday,1,4
70C,PM_peak,1,4
70C,evening,1,4
70,early_morning,1,5
70,AM_peak,1,5
70,midday,1,5
70,PM_peak,1,5
70,evening,1,5
71,early_morning,2,4
71,AM_peak,1,2
71,midday,2,4
71,PM_peak,1,2
71,evening,2,4
72A,early_morning,2,2
72A,AM_peak,2,2
72A,midday,2,2
72A,PM_peak,2,2
72A,evening,2,2
72,early_morning,1,3
72,AM_peak,3,8
72,midday,1,3
72,PM_peak,3,8
72,evening,1,3
73,early_morning,2,5
73,AM_peak,1,3
73,midday,2,5
73,PM_peak,1,3
73,evening,2,5
75,early_morning,2,4
75,AM_peak,1,2
75,midday,2,4
75,PM_peak,1,2
75,evening,2,4
76,early_morning,3,5
76,AM_peak,2,4
76,midday,3,5
76,PM_peak,2,4
76,evening,3,5
77-R,early_morning,1,4
77-R,AM_peak,1,4
77-R,midday,1,4
77-R,PM_peak,1,4
77-R,evening,1,4
78A,early_morning,2,4
78A,AM_peak,1,2
78A,midday,2,4
78A,PM_peak,1,2
78A,evening,2,4
78,early_morning,2,5
78,AM_peak,3,8
78,midday,2,5
78,PM_peak,3,8
78,evening,2,5
79B,early_morning,2,4
79B,AM_peak,1,2
79B,midday,2,4
79B,PM_peak,1,2
79B,evening,2,4
79C,early_morning,2,2
79C,AM_peak,2,2
79C,midday,2,2
79C,PM_peak,2,2
79C,evening,2,2
79,early_morning,1,4
79,AM_peak,1,4
79,midday,1,4
79,PM_peak,1,4
79,evening,1,4
79D,early_morning,2,3
79D,AM_peak,2,3
79D,midday,2,3
79D,PM_peak,1,2
79D,evening,2,3
7A,early_morning,1,3
7A,AM_peak,1,3
7A,midday,1,3
7A,PM_peak,1,3
7A,evening,1,3
7B,early_morning,2,3
7B,AM_peak,2,3
7B,midday,2,3
7B,PM_peak,2,3
7B,evening,2,3
7,early_morning,1,4
7,AM_peak,1,4
7,midday,1,4
7,PM_peak,1,4
7,evening,1,4
80A,early_morning,2,3
80A,AM_peak,2,3
80A,midday,2,3
80A,PM_peak,2,3
80A,evening,2,3
80B,early_morning,2,3
80B,AM_peak,2,3
80B,midday,2,3
80B,PM_peak,2,3
80B,evening,2,3
80,early_morning,2,4
80,AM_peak,1,2
80,midday,2,4
80,PM_peak,1,2
80,evening,2,4
81,early_morning,3,5
81,AM_peak,3,5
81,midday,3,5
81,PM_peak,3,5
81,evening,2,4
82A,early_morning,2,3
82A,AM_peak,2,3
82A,midday,2,3
82A,PM_peak,2,3
82A,evening,2,3
82B,early_morning,3,4
82B,AM_peak,3,4
82B,midday,3,4
82B,PM_peak,3,4
82B,evening,3,4
82C,early_morning,3,2
82C,AM_peak,3,2
82C,midday,3,2
82C,PM_peak,3,2
82C,evening,3,2
82D,early_morning,1,4
82D,AM_peak,1,4
82D,midday,1,4
82D,PM_peak,1,4
82D,evening,1,4
82E,early_morning,2,5
82E,AM_peak,1,3
82E,midday,2,5
82E,PM_peak,1,3
82E,evening,2,5
82-R,early_morning,1,4
82-R,AM_peak,1,4
82-R,midday,1,4
82-R,PM_peak,1,4
82-R,evening,1,4
84A,early_morning,1,5
84A,AM_peak,1,5
84A,midday,1,5
84A,PM_peak,1,5
84A,evening,1,5
84B,early_morning,1,3
84B,AM_peak,1,3
84B,midday,1,3
84B,PM_peak,1,3
84B,evening,1,3
84C,early_morning,1,5
84C,AM_peak,1,5
84C,midday,1,5
84C,PM_peak,1,5
84C,evening,1,5
84,early_morning,1,4
84,AM_peak,1,4
84,midday,1,4
84,PM_peak,1,4
84,evening,1,4
85A,early_morning,2,4
85A,AM_peak,1,2
85A,midday,2,4
85A,PM_peak,1,2
85A,evening,2,4
85,early_morning,2,5
85,AM_peak,1,3
85,midday,1,3
85,PM_peak,1,3
85,evening,1,3
86-R,early_morning,2,5
86-R,AM_peak,1,3
86-R,midday,2,5
86-R,PM_peak,1,3
86-R,evening,2,5
87,early_morning,2,4
87,AM_peak,1,2
87,midday,2,4
87,PM_peak,1,2
87,evening,2,4
87A,early_morning,1,2
87A,AM_peak,1,2
87A,midday,2,4
87A,PM_peak,1,2
87A,evening,1,2
87B,early_morning,2,3
87B,AM_peak,2,3
87B,midday,2,3
87B,PM_peak,2,3
87B,evening,3,4
87C,early_morning,2,4
87C,AM_peak,1,2
87C,midday,2,4
87C,PM_peak,1,2
87C,evening,2,4
87D,early_morning,2,4
87D,AM_peak,1,2
87D,midday,2,4
87D,PM_peak,1,2
87D,evening,2,4
87F,early_morning,2,4
87F,AM_peak,1,2
87F,midday,2,4
87F,PM_peak,1,2
87F,evening,2,4
88A,early_morning,2,3
88A,AM_peak,2,3
88A,midday,2,3
88A,PM_peak,2,3
88A,evening,2,3
88,early_morning,2,5
88,AM_peak,1,3
88,midday,2,5
88,PM_peak,1,3
88,evening,2,5
89,early_morning,2,2
89,AM_peak,2,2
89,midday,2,2
89,PM_peak,2,2
89,evening,2,2
8,early_morning,2,5
8,AM_peak,1,3
8,midday,2,5
8,PM_peak,1,3
8,evening,2,5
90,early_morning,2,2
90,AM_peak,2,2
90,midday,2,2
90,PM_peak,2,2
90,evening,2,2
90P,early_morning,2,3
90P,AM_peak,2,3
90P,midday,2,3
90P,PM_peak,2,3
90P,evening,2,3
91,early_morning,2,3
91,AM_peak,2,3
91,midday,2,3
91,PM_peak,2,3
91,evening,2,3
92,early_morning,2,3
92,AM_peak,3,5
92,midday,2,3
92,PM_peak,3,5
92,evening,2,3
93,early_morning,2,4
93,AM_peak,1,2
93,midday,2,4
93,PM_peak,1,2
93,evening,2,4
94A,early_morning,2,5
94A,AM_peak,1,3
94A,midday,2,5
94A,PM_peak,1,3
94A,evening,2,5
94B,early_morning,2,3
94B,AM_peak,3,5
94B,midday,2,3
94B,PM_peak,3,5
94B,evening,2,3
94,early_morning,3,5
94,AM_peak,3,5
94,midday,3,5
94,PM_peak,3,5
94,evening,3,5
95A,early_morning,2,5
95A,AM_peak,1,3
95A,midday,2,5
95A,PM_peak,1,3
95A,evening,2,5
95,early_morning,1,3
95,AM_peak,1,3
95,midday,1,3
95,PM_peak,1,3
95,evening,1,3
96,early_morning,1,3
96,AM_peak,1,3
96,midday,1,3
96,PM_peak,1,3
96,evening,1,3
97,early_morning,2,4
97,AM_peak,1,2
97,midday,2,4
97,PM_peak,1,2
97,evening,2,4
9,early_morning,1,4
9,AM_peak,1,4
9,midday,1,4
9,PM_peak,1,4
9,evening,1,4
VJR1,early_morning,1,3
VJR1,AM_peak,1,3
VJR1,midday,1,3
VJR1,PM_peak,1,3
VJR1,evening,1,3
VJR2,early_morning,1,4
VJR2,AM_peak,1,4
VJR2,midday,1,4
VJR2,PM_peak,1,4
VJR2,evening,1,4
VJR3,early_morning,2,5
VJR3,AM_peak,1,3
VJR3,midday,2,5
VJR3,PM_peak,1,3
VJR3,evening,2,5
VJR4,early_morning,2,5
VJR4,AM_peak,3,7
VJR4,midday,2,5
VJR4,PM_peak,3,7
VJR4,evening,2,5
VJR5,early_morning,2,5
VJR5,AM_peak,2,5
VJR5,midday,2,5
VJR5,PM_peak,2,5
VJR5,evening,2,5
VJR6,early_morning,2,7
VJR6,AM_peak,1,4
VJR6,midday,2,7
VJR6,PM_peak,1,4
VJR6,evening,1,4
VJR2A,early_morning,2,7
VJR2A,AM_peak,1,4
VJR2A,midday,1,4
VJR2A,PM_peak,1,4
VJR2A,evening,2,7
14A,early_morning,2,5
14A,AM_peak,1,3
14A,midday,2,5
14A,PM_peak,1,3
14A,evening,2,5
58B,early_morning,2,2
58B,AM_peak,2,2
58B,midday,2,2
58B,PM_peak,2,2
58B,evening,2,2
103D,early_morning,2,4
103D,AM_peak,1,2
103D,midday,2,4
103D,PM_peak,1,2
103D,evening,2,4
363B,early_morning,2,2
363B,AM_peak,2,2
363B,midday,2,2
363B,PM_peak,2,2
363B,evening,2,2
293S,early_morning,1,3
293S,AM_peak,1,3
293S,midday,1,3
293S,PM_peak,1,3
293S,evening,1,3
139S,early_morning,1,4
139S,AM_peak,1,4
139S,midday,1,4
139S,PM_peak,1,4
139S,evening,1,4
135 NGT,early_morning,2,4
135 NGT,AM_peak,3,6
135 NGT,midday,2,4
135 NGT,PM_peak,3,6
135 NGT,evening,2,4
117 NGT,early_morning,2,3
117 NGT,AM_peak,2,3
117 NGT,midday,2,3
117 NGT,PM_peak,1,2
117 NGT,evening,2,3
174 NGT,early_morning,2,5
174 NGT,AM_peak,1,3
174 NGT,midday,2,5
174 NGT,PM_peak,1,3
174 NGT,evening,2,5
348 NGT,early_morning,1,3
348 NGT,AM_peak,3,9
348 NGT,midday,1,3
348 NGT,PM_peak,3,9
348 NGT,evening,1,3
12 NGT,early_morning,1,3
12 NGT,AM_peak,1,3
12 NGT,midday,1,3
12 NGT,PM_peak,1,3
12 NGT,evening,1,3
158B,early_morning,2,5
158B,AM_peak,1,3
158B,midday,2,5
158B,PM_peak,1,3
158B,evening,2,5
19D,early_morning,2,5
19D,AM_peak,1,3
19D,midday,2,5
19D,PM_peak,1,3
19D,evening,2,5
253,early_morning,1,3
253,AM_peak,1,3
253,midday,1,3
253,PM_peak,1,3
253,evening,1,3
